{
  "crowd_01": {
    "class": 0,
    "x1": 873,
    "y1": 484,
    "x2": 2102,
    "y2": 3857,
    "yolo": [
      0.4842122395833333,
      0.5299072265625,
      0.4000651041666667,
      0.823486328125
    ]
  },
  "crowd_02": {
    "class": 0,
    "x1": 938,
    "y1": 768,
    "x2": 1992,
    "y2": 3624,
    "yolo": [
      0.47875816993464054,
      0.538235294117647,
      0.34444444444444444,
      0.7
    ]
  },
  "crowd_03": {
    "class": 0,
    "x1": 983,
    "y1": 628,
    "x2": 2129,
    "y2": 3993,
    "yolo": [
      0.5065104166666666,
      0.5640869140625,
      0.373046875,
      0.821533203125
    ]
  },
  "crowd_04": {
    "class": 0,
    "x1": 863,
    "y1": 428,
    "x2": 2155,
    "y2": 4012,
    "yolo": [
      0.4931372549019608,
      0.5441176470588235,
      0.4222222222222222,
      0.8784313725490196
    ]
  },
  "crowd_05": {
    "class": 0,
    "x1": 809,
    "y1": 326,
    "x2": 2094,
    "y2": 4005,
    "yolo": [
      0.47434640522875815,
      0.5307598039215686,
      0.4199346405228758,
      0.9017156862745098
    ]
  },
  "crowd_06": {
    "class": 0,
    "x1": 809,
    "y1": 326,
    "x2": 2223,
    "y2": 3937,
    "yolo": [
      0.4954248366013072,
      0.5224264705882353,
      0.4620915032679739,
      0.8850490196078431
    ]
  },
  "crowd_07": {
    "class": 1,
    "x1": 866,
    "y1": 552,
    "x2": 2259,
    "y2": 4014,
    "yolo": [
      0.5086263020833334,
      0.557373046875,
      0.4534505208333333,
      0.84521484375
    ]
  },
  "crowd_08": {
    "class": 1,
    "x1": 822,
    "y1": 673,
    "x2": 2074,
    "y2": 3869,
    "yolo": [
      0.47320261437908495,
      0.5566176470588236,
      0.4091503267973856,
      0.7833333333333333
    ]
  },
  "crowd_09": {
    "class": 1,
    "x1": 1094,
    "y1": 306,
    "x2": 2359,
    "y2": 4046,
    "yolo": [
      0.5642156862745098,
      0.5333333333333333,
      0.4133986928104575,
      0.9166666666666666
    ]
  },
  "crowd_10": {
    "class": 1,
    "x1": 897,
    "y1": 516,
    "x2": 2237,
    "y2": 3991,
    "yolo": [
      0.5120915032679738,
      0.5523284313725491,
      0.43790849673202614,
      0.8517156862745098
    ]
  },
  "crowd_11": {
    "class": 1,
    "x1": 945,
    "y1": 503,
    "x2": 2142,
    "y2": 3903,
    "yolo": [
      0.5044117647058823,
      0.5399509803921568,
      0.3911764705882353,
      0.8333333333333334
    ]
  },
  "crowd_12": {
    "class": 1,
    "x1": 707,
    "y1": 333,
    "x2": 1917,
    "y2": 3903,
    "yolo": [
      0.4287581699346405,
      0.5191176470588236,
      0.3954248366013072,
      0.875
    ]
  },
  "building_01": {
    "class": 2,
    "x1": 389,
    "y1": 129,
    "x2": 2696,
    "y2": 3358,
    "yolo": [
      0.5021158854166666,
      0.4256591796875,
      0.7509765625,
      0.788330078125
    ]
  },
  "building_02": {
    "class": 3,
    "x1": 361,
    "y1": -6,
    "x2": 2730,
    "y2": 3399,
    "yolo": [
      0.5030924479166666,
      0.4141845703125,
      0.7711588541666666,
      0.831298828125
    ]
  },
  "building_03": {
    "class": 4,
    "x1": 395,
    "y1": 204,
    "x2": 2723,
    "y2": 3331,
    "yolo": [
      0.5074869791666666,
      0.4315185546875,
      0.7578125,
      0.763427734375
    ]
  },
  "building_04": {
    "class": 5,
    "x1": 334,
    "y1": 34,
    "x2": 2703,
    "y2": 3399,
    "yolo": [
      0.4943033854166667,
      0.4190673828125,
      0.7711588541666666,
      0.821533203125
    ]
  },
  "trash_01": {
    "class": 6,
    "x1": 873,
    "y1": 1590,
    "x2": 2191,
    "y2": 3433,
    "yolo": [
      0.4986979166666667,
      0.6131591796875,
      0.4290364583333333,
      0.449951171875
    ]
  },
  "trash_02": {
    "class": 7,
    "x1": 860,
    "y1": 1638,
    "x2": 2170,
    "y2": 3426,
    "yolo": [
      0.4931640625,
      0.6181640625,
      0.4264322916666667,
      0.4365234375
    ]
  },
  "trash_03": {
    "class": 8,
    "x1": 976,
    "y1": 1652,
    "x2": 2259,
    "y2": 3426,
    "yolo": [
      0.5265299479166666,
      0.619873046875,
      0.4176432291666667,
      0.43310546875
    ]
  },
  "trash_04": {
    "class": 9,
    "x1": 805,
    "y1": 1693,
    "x2": 2116,
    "y2": 3481,
    "yolo": [
      0.4754231770833333,
      0.631591796875,
      0.4267578125,
      0.4365234375
    ]
  }
}